step,t,dt,cfl,max_velocity,max_vorticity,max_circulation,kinetic_energy,enstrophy,div_u_l2,div_u_rel,div_u_weak,bkm_integral,r_at_max_vorticity,z_at_max_vorticity,bc_residual,iters_momentum,iters_pressure,iters_projection,wall_time
1,0.00024364104397497582,0.00024364104397497582,0.5,25.180562323891067,357.8913456709625,5.7462491045346855,175.5972015317396,19022.15433820666,2.673954854908149,0.019650910683786774,0.0008074853141108534,0.0,0.5436693051278884,0.0023243183907962883,0.0,8,11,16,0.9982509613037109
5,0.0012223682976686225,0.0002452998905730746,0.5,25.184507523477723,389.99260834041775,5.745930878604497,175.55438193891436,19069.768510933744,10.125196303578566,0.07412395536615225,0.00023229891286544323,0.36598720419555186,0.5288475902765299,0.03164451378760351,0.0,8,11,16,1.8764545917510986
9,0.0022071287469087653,0.00024679781145781505,0.5,25.128784921591205,412.7672336149111,5.745607432341191,175.5115657034651,19159.899050395816,14.615631972560738,0.10642414860308926,0.00016697787238164344,0.7612502754934898,0.5288475902765299,0.03164451378760351,0.0,8,11,16,2.7572715282440186
13,0.003198670298128198,0.0002485385597275885,0.5,25.028776445803008,421.6242929045764,5.746734953146025,175.46813015168203,19282.949064704113,17.496069035340962,0.12667533263648423,0.00015043874464632745,1.1749172097582314,0.5588013860990328,-0.020749741966273216,0.0,8,11,16,3.6315290927886963
17,0.004197458152586763,0.0002502765112218004,0.5,24.98519336919054,434.5486925706955,5.744826021815103,175.42402318603342,19432.38959366645,19.444935640986273,0.13997435511242598,0.00014657315186151834,1.6024847993623468,0.5717016191144491,0.006666427977973429,0.0,8,11,16,4.507439613342285
21,0.005198947101695018,0.00025048551809049645,0.5,24.915874484821277,445.3741172871939,5.738905214677784,175.37958822619396,19601.72720568066,20.79766500592376,0.14885025306572702,0.0001362660794564631,2.0431012844328267,0.5717016191144491,0.006666427977973429,0.0,8,11,16,5.384724855422974
25,0.006202398165620908,0.000251145692598554,0.5,24.821853782806503,459.4105775109514,5.742559348343892,175.33491595880895,19788.142061170387,21.788857191337513,0.15503790722090172,0.00012947534128971612,2.4970548667423573,0.5717016191144491,0.006666427977973429,0.0,8,11,16,6.262282848358154
29,0.007203683666849989,0.0002492572806164511,0.5,24.718295149294043,472.1006447297725,5.7520495319581055,175.29028546171153,19991.809154242856,22.591685878320202,0.15978428197373598,0.00012144667925439701,2.963409207273266,0.5717016191144491,0.006666427977973429,0.0,8,11,16,7.1377246379852295
33,0.008194469938346115,0.0002468345144456502,0.5,24.645771664872818,468.4257798509491,5.751693050225644,175.24619977805395,20213.007096972007,23.32323799751867,0.16391611597985084,0.00011381380798909878,3.429339542000224,0.5717016191144491,0.006666427977973429,0.0,8,11,16,8.015109300613403
37,0.00917701681414311,0.00024498490348829255,0.5,24.555985568678338,467.98269915458843,5.744070956748526,175.20242267388235,20452.485014047,24.03613569782582,0.16779710496101863,0.00011020285122605861,3.8893721547585773,0.5684637893108964,0.05044507929528049,0.0,8,11,16,8.890465259552002
41,0.010153338993999238,0.00024358067928540873,0.5,24.46192174047523,487.5114138213516,5.734841377298816,175.15877071583512,20709.967332325232,24.71119223170398,0.17130130108685732,0.000103955526136204,4.355807202368761,0.5684637893108964,0.05044507929528049,0.0,8,11,16,9.775565147399902
45,0.011124689154155886,0.00024240787388828545,0.5,24.361672007616455,486.6582747207621,5.736100709533431,175.11515449330614,20985.299267246894,25.31099737330339,0.1741857466522967,0.00010952039823574956,4.828937143861328,0.5684637893108964,0.05044507929528049,0.0,8,11,16,10.663499593734741
49,0.012091558794372409,0.0002413073799644265,0.5,24.262905314145193,465.0627940060565,5.731134806836617,175.07151928049706,21277.425254902617,25.83542349223425,0.17646701983990568,0.00012948252468217237,5.28903224751452,0.542887960330114,0.09191276536748354,0.0,8,11,16,11.541862964630127
53,0.013054125390942646,0.00024025051453616092,0.5,24.17020700597423,474.6265348818911,5.737067347914879,175.02778475233737,21584.825096243883,26.316366057255813,0.1783743142947816,0.0001356458240491922,5.741289027085041,0.5752083986293706,0.07805291881643986,0.0,8,11,16,12.42058801651001
57,0.014012710450659209,0.00023930272350942015,0.5,24.092380691856143,504.09779223583905,5.743010960839429,174.983891303024,21907.950365670742,26.731312953400746,0.17976794957898362,0.0001293923507741802,6.210384285863142,0.5752083986293706,0.07805291881643986,0.0,8,11,16,13.295881271362305
62,0.015206303307462131,0.0002383678322867984,0.5,24.015672724919366,523.8964121996656,5.73361229708971,174.9288403729524,22333.047878474146,27.078938898084033,0.18030662004765477,0.0001340490316293687,6.823887555487653,0.5752083986293706,0.07805291881643986,0.0,8,11,16,14.400094985961914
66,0.016158287501868103,0.00023778341800222735,0.5,23.960450886879233,525.2841507888394,5.710589954973425,174.88468495568222,22684.717567839292,27.274621199493,0.18016977535477732,0.00015006001302704855,7.323289212009161,0.7549341398180573,0.5845895396437059,0.0,8,11,16,15.276895761489868
70,0.017107997487232178,0.0002372049697548398,0.5,23.91291495201914,550.9094537406711,5.714052902161108,174.8403679364676,23044.20634898596,27.489023579520826,0.1801347451798318,0.000155185012963736,7.834325118212478,0.7549341398180573,0.5845895396437059,0.0,8,11,16,16.15357995033264
74,0.0180551028115062,0.0002364976075949114,0.5,23.87012678875646,575.985708632118,5.716984123376219,174.7958760557776,23414.96403691531,27.734900305633616,0.1802666474650281,0.0001406030356810045,8.36796932230343,0.7549341398180573,0.5845895396437059,0.0,8,11,16,17.03363800048828
79,0.019234327921354405,0.0002353809095101355,0.5,23.82429589781929,606.9343220910346,5.718711001254847,174.74024440130486,23897.188308549248,28.037807506221718,0.18034712475827247,0.00013843007974669784,9.065433823889007,0.7571422394816153,0.581417328002678,0.0,8,11,16,18.119449138641357
83,0.02017340274938247,0.0002344010831461474,0.5,23.7914862696282,631.8519220076313,5.723242953434719,174.6959263416275,24293.12513599435,28.25880147208175,0.18025499030558642,0.00015829411942308848,9.64709031345925,0.7571422394816153,0.581417328002678,0.0,8,11,16,19.00015425682068
87,0.021108669530217918,0.00023348038380991126,0.5,23.762251501099207,656.0893034483724,5.710143228417034,174.65175753636123,24694.194315211753,28.45483295903239,0.1800053356932571,0.00016096439971956977,10.249374635378,0.7571422394816153,0.581417328002678,0.0,8,11,16,19.88253951072693
91,0.02204060204151911,0.00023270578405692595,0.5,23.751742429467015,679.711006888213,5.715230115345065,174.6075706839647,25102.51224650528,28.58671268402348,0.17935672836630917,0.00014029584563715717,10.871812504282444,0.7571422394816153,0.581417328002678,0.0,8,11,16,20.75992250442505
96,0.02320182391425852,0.00023196874972648295,0.5,23.74077069652435,708.5130047236959,5.709938920943626,174.5520857530635,25632.079942929162,28.573410424773105,0.1774403859984656,0.0001120664963251465,11.677830547555342,0.7571422394816153,0.581417328002678,0.0,8,11,16,21.854138374328613
100,0.024128561033652615,0.00023152687721247407,0.5,23.728600223912668,731.0885793491333,5.692732519213347,174.50742325851374,26075.345720618163,28.412121279702568,0.17498401809137845,0.00011192999829649171,12.344896660104757,0.7571422394816153,0.581417328002678,0.0,8,11,16,22.73287844657898
104,0.025053759535590928,0.00023117197314071695,0.5,23.717904331300357,753.3326375202802,5.7006796785022225,174.4624972589711,26534.583563593806,28.19348949608655,0.172188243313228,0.00012301140116125452,13.031588803151271,0.7571422394816153,0.581417328002678,0.0,8,11,16,23.612454652786255
109,0.026208498675411005,0.00023080832488514284,0.5,23.733202774611293,780.7478730624625,5.692014333792673,174.40592888754472,27126.80516070609,27.992699158728396,0.16914416020504264,0.00012777271185019336,13.917320207753802,0.7571422394816153,0.581417328002678,0.0,8,11,16,24.706972360610962
113,0.027131117185885425,0.0002305679985287838,0.5,23.755348294622774,802.4037465378638,5.689000668360442,174.3603104200393,27612.653176934127,27.96063337223618,0.167481046828391,0.00012279586717484222,14.64764270231921,0.7571422394816153,0.581417328002678,0.0,8,11,16,25.583283185958862
117,0.0280528972592878,0.0002303786723808982,0.5,23.7750251464655,823.8348315048185,5.701218033305399,174.31435316000454,28107.34971148409,28.039660681470888,0.1664746703126242,0.00011821841556206571,15.397159860238189,0.7571422394816153,0.581417328002678,0.0,8,11,16,26.47086453437805
122,0.029204182454908606,0.00023019675411346932,0.5,23.793445782946527,850.3370258725204,5.703621561839337,174.25642905205305,28735.260679907336,28.238868589498512,0.16580557398344054,0.00011693928807280607,16.360884497399947,0.7571422394816153,0.581417328002678,0.0,8,11,16,27.571149110794067
126,0.03012456419093875,0.00022991697990248835,0.5,23.810120790295876,871.3388853789841,5.703292390371766,174.20971988442105,29243.084810666973,28.421169759246997,0.16540961119027497,0.00011382793439365488,17.15318402943942,0.7571422394816153,0.581417328002678,0.0,8,11,16,28.451544523239136
130,0.031042546278732323,0.0002292532051150856,0.5,23.81213583803855,892.1533253172593,5.699553085048554,174.16283875280592,29753.853195053023,28.56999641275326,0.1648370918459161,0.00010876950167830236,17.962611160130738,0.7571422394816153,0.581417328002678,0.0,8,11,16,29.344646215438843
135,0.03218670942661763,0.0002285811903220006,0.5,23.80521510115279,917.9609115941726,5.690435031368504,174.1040179002455,30396.95026245329,28.659961738006373,0.16360614107787086,0.00010918828354824047,18.998144161799036,0.7571422394816153,0.581417328002678,0.0,8,11,16,30.454410552978516
139,0.03310009995444037,0.00022823240641386313,0.5,23.83198812070192,938.5006927430367,5.679938384492955,174.0567122806304,30916.0927922003,28.65405206873872,0.16221161569032658,0.00011417334194921344,19.84598138413314,0.7571422394816153,0.581417328002678,0.0,8,11,16,31.332865715026855
143,0.034012640933320334,0.00022810788343454282,0.5,23.831100188721067,959.0092980941059,5.667469793709739,174.00908288079032,31440.05524106034,28.603593982763275,0.16059532010645144,0.00011722138566015214,20.711759196369663,0.7571422394816153,0.581417328002678,0.0,8,11,16,32.227761030197144
148,0.03515365490313159,0.00022832307754334875,0.5,23.820353909912686,984.6922917554185,5.6771320694263805,173.94896996041672,32102.964615527093,28.52187170018156,0.15850633006769532,0.00011595337031322078,21.82065452995099,0.7571422394816153,0.581417328002678,0.0,8,11,16,33.32635140419006
152,0.0360680514133375,0.0002287966774839669,0.5,23.790933691744243,1005.3370438344938,5.683726333700169,173.9003386594449,32639.95586087615,28.475865041023194,0.15696541780397003,0.00011570881922764012,22.73049246978639,0.7571422394816153,0.581417328002678,0.0,8,11,16,34.20955204963684
157,0.03721177944388229,0.0002280844742013666,0.5,23.734232094763588,1031.249646689782,5.681612187589856,173.83890791090874,33316.85012202487,28.479882822578038,0.15540294201185076,0.00012026066090783165,23.895143112079925,0.7571422394816153,0.581417328002678,0.0,8,11,16,35.30285286903381
161,0.03811954074881094,0.00022626121584646628,0.5,23.72103818868096,1051.8786731280582,5.672666431866724,173.78971597768606,33858.43655708167,28.536876520908812,0.15447071479182997,0.00012271649103392178,24.840634753045755,0.7571422394816153,0.581417328002678,0.0,8,11,16,36.18054747581482
165,0.039020166403518915,0.00022450236344047873,0.5,23.71878976025581,1072.386297651142,5.664537125232361,173.74047406392648,34401.87221027039,28.615803925940146,0.1536738369889722,0.00011999087879457756,25.797218518086375,0.7571422394816153,0.581417328002678,0.0,8,11,16,37.06757307052612
170,0.04013636916880907,0.00022241888093786502,0.5,23.715134331128965,1097.8495008173004,5.663134887038652,173.67885020564802,35086.907802162495,28.681438984111164,0.152524516048146,0.00011412712566333706,27.008430117877456,0.7571422394816153,0.581417328002678,0.0,8,11,16,38.166929960250854
174,0.04102214614686294,0.00022087548726543125,0.5,23.70760447712356,1118.096293721429,5.6608454112376885,173.62953345340426,35640.50758207169,28.678913399081267,0.15133580551921863,0.00011537753033650026,27.989847002586306,0.7571422394816153,0.581417328002678,0.0,8,11,16,39.05857276916504
179,0.042121259317587756,0.000219155834069996,0.5,23.686262755623787,1143.2843900221794,5.653288508589639,173.5678686163712,36338.80259115064,28.657088408324796,0.14977946564278816,0.00011960072222259336,29.23260364934895,0.7571422394816153,0.581417328002678,0.0,8,11,16,40.15264344215393
184,0.043212634966666566,0.00021773123032102802,0.5,23.61805019085148,1168.386885275677,5.656304849419706,173.50607571036895,37039.1147758477,28.725773728505605,0.14871999381029719,0.00011455382539486477,30.49405451861647,0.7571422394816153,0.581417328002678,0.0,8,11,16,41.24873089790344
188,0.04408125471843365,0.00021683779532880756,0.5,23.528159534875545,1188.443315351958,5.658960638197126,173.45642667275916,37594.93115895826,28.862031873228663,0.14831339575683808,0.00010478723775149312,31.517649150529646,0.7571422394816153,0.581417328002678,0.0,8,11,16,42.125349283218384
193,0.045162932018129216,0.00021604999244296427,0.5,23.43477531554407,1213.5252550987461,5.653986796318472,173.39393957228097,38282.42282773226,29.052133790976264,0.14793722684865007,9.792429082849667e-05,32.81672658914901,0.7571422394816153,0.581417328002678,0.0,8,11,16,43.22288393974304
197,0.046026152948865855,0.0002156884574195441,0.5,23.425620508903595,1233.6301053746088,5.650280214976118,173.34348819864707,38833.057168208565,29.19209701972147,0.14758850745003363,0.00010164031839162654,33.872944453111494,0.7571422394816153,0.581417328002678,0.0,8,11,16,44.10051727294922
202,0.04710411454441711,0.00021557997806709506,0.5,23.394270739133542,1258.8483601537905,5.645381903014611,173.27964948017814,39533.53596333591,29.40758537623414,0.14734595217683683,0.00010991670384542363,35.216342484900565,0.7571422394816153,0.581417328002678,0.0,8,11,16,45.20156717300415
207,0.0481825257080394,0.000215778090963627,0.5,23.328557032668353,1284.200557247921,5.649081597517866,173.21474707562462,40254.22733283766,29.651763988150172,0.14722178164805455,0.00010948341464475371,36.58756865598236,0.7571422394816153,0.581417328002678,0.0,8,11,16,46.30090403556824
211,0.04904621320072747,0.0002159708028273163,0.5,23.265483582481057,1304.5934574726507,5.647208389109066,173.16203548877354,40846.29000966728,29.76300962081104,0.14669916949733852,0.00011442116449284882,37.7055231618123,0.7571422394816153,0.581417328002678,0.0,8,11,16,47.18848776817322
216,0.050127139854872924,0.00021639547500951748,0.5,23.15794122878583,1330.230720733097,5.640069570877446,173.09528952765314,41603.364803646844,29.739125942296038,0.1452584762486695,0.00013131983894910593,39.12954900341705,0.7571422394816153,0.581417328002678,0.0,8,11,16,48.27532243728638
221,0.05121162338238649,0.0002172867397758709,0.5,23.088422596438303,1356.0940107766683,5.64729467212264,173.02755761578277,42377.64769886888,29.61051716007277,0.143329512608186,0.00012658520727565394,40.58618646385437,0.7571422394816153,0.581417328002678,0.0,8,11,16,49.373379945755005
225,0.052083141869763774,0.00021825870784403123,0.5,23.06303034511901,1376.9986522499403,5.641574877498181,172.9725762228543,43010.25872195461,29.483396091131265,0.14168346446420682,0.00011643254685719611,41.77715685562582,0.7571422394816153,0.581417328002678,0.0,8,11,16,50.25307059288025
230,0.05317862069822886,0.00021967588972600334,0.5,23.00673415110859,1403.7718794168495,5.634833966455385,172.90271260466767,43817.93134032295,29.31636281213106,0.13960418148757597,0.0001294490939875704,43.300294477756104,0.774073539615888,0.5581526220864398,0.0,8,11,16,51.34140205383301
234,0.054060359253487816,0.00022089603341473422,0.5,22.935898754901853,1426.454023726737,5.643974516308963,172.84581419319613,44475.90827684942,29.184163156418872,0.13796394658145425,0.0001402807884041742,44.54805412720326,0.774073539615888,0.5581526220864398,0.0,8,11,16,52.22119450569153
239,0.055169531569228956,0.00022246258711943799,0.5,22.85281658545836,1455.2081239790916,5.634831591324439,172.77331875397655,45314.06787955507,29.03701586593125,0.13601646564921524,0.00013725527944577883,46.14618406598049,0.774073539615888,0.5581526220864398,0.0,8,11,16,53.313092947006226
243,0.05604968185129596,0.00021851427134354442,0.5,22.744008033333984,1478.2193431281273,5.639752690511008,172.71521650992347,45992.21957917933,28.950269929022422,0.13462196446963645,0.00012801011086688267,47.437112572279254,0.774073539615888,0.5581526220864398,0.0,8,11,16,54.18922781944275
248,0.05712705856098136,0.0002134562190312167,0.5,22.691821198617756,1506.6319830437378,5.629321477765131,172.64353101181618,46842.03614599824,28.880533872705062,0.13308885642419355,0.00011546430365967351,49.04501722262483,0.774073539615888,0.5581526220864398,0.0,8,11,16,55.28038549423218
253,0.05817938941961768,0.00020849090853842082,0.5,22.744358090189305,1534.6366206863872,5.634566982229063,172.57287015916827,47691.72797514483,28.835658797303388,0.13170511862251724,0.00010280050174285625,50.64522762317833,0.774073539615888,0.5581526220864398,0.0,8,10,16,56.36578607559204
257,0.059003695147496316,0.0002046453605318386,0.5,22.77030879135005,1556.7343465800122,5.620663440498186,172.5171181190948,48370.368471164904,28.813371533406205,0.1306849727825114,9.711448846532424e-05,51.91934502083603,0.774073539615888,0.5581526220864398,0.0,8,10,16,57.24088644981384
262,0.06001309649920483,0.00020007816699643132,0.5,22.792174849161793,1583.9730474662394,5.612051036529561,172.44842147008896,49217.40394964187,28.839243256409844,0.12967740048917853,9.243747820838122e-05,53.50446216527164,0.774073539615888,0.5581526220864398,0.0,8,10,16,58.32653260231018
267,0.06100070129577444,0.00019587073740089854,0.5,22.805734811966893,1610.807290719255,5.602714745340834,172.38073239652923,50062.515889153736,28.976906278097136,0.129188799948726,8.806146867462523e-05,55.08205235826077,0.774073539615888,0.5581526220864398,0.0,8,10,16,59.41941595077515
273,0.06216003161775946,0.00019143140828499069,0.5,22.815892000793525,1642.5387734319954,5.59739177917913,172.30057668488504,51077.966987084925,29.269991795879633,0.1291785177444788,7.832968205546267e-05,56.96790372830135,0.774073539615888,0.5581526220864398,0.0,8,10,16,60.71364736557007
278,0.06310767087788383,0.0001883378389052069,0.5,22.843025986036896,1668.6670578155463,5.601025101270203,172.23447450139275,51932.55319466304,29.552345532191428,0.12933334612983996,7.38343109458837e-05,58.53681805032281,0.774073539615888,0.5581526220864398,0.0,8,10,16,61.80263090133667
283,0.06404169226353226,0.00018586944644831188,0.5,22.867206593825447,1694.6006588021658,5.594526525463688,172.1688205331154,52797.61931410797,29.850519516787074,0.12954893645495166,7.735815187286639e-05,60.107500036813775,0.774073539615888,0.5581526220864398,0.0,8,10,16,62.887898683547974
289,0.06514922279365595,0.00018381720366089616,0.5,22.89649798184565,1725.609246309451,5.5933719989711586,172.09030599620183,53848.12615283575,30.20300833724707,0.12977684065287237,7.779601075264468e-05,62.001493481485056,0.774073539615888,0.5581526220864398,0.0,8,10,16,64.18571972846985
294,0.06606532635871502,0.0001829253620618553,0.5,22.917743700513387,1751.480277773472,5.584329780750215,172.02478544839096,54736.05640193753,30.4247391757021,0.12965618209432145,7.376194495011661e-05,63.594180536006014,0.774073539615888,0.5581526220864398,0.0,8,10,16,65.26874470710754
300,0.06716217184586636,0.0001828785440248517,0.5,22.920828030929286,1782.6987795898435,5.583029451644283,171.94561918342475,55824.274651675914,30.589238631809337,0.1290773996438025,7.401524114167216e-05,65.53240471093287,0.774073539615888,0.5581526220864398,0.0,8,10,16,66.56792521476746
305,0.06807751288632342,0.00018313572854760691,0.5,22.90679247694301,1808.9147626658742,5.587662714593684,171.87894986085055,56755.65547057304,30.677821537999048,0.12838563422937926,7.673301444725062e-05,67.17618034927689,0.774073539615888,0.5581526220864398,0.0,8,10,16,67.65641260147095
311,0.06917687359245647,0.0001833366465442994,0.5,22.876330350091404,1840.5530862812172,5.5906485593216955,171.79821845802422,57903.70299901435,30.726816098546227,0.12731461596025256,7.622154307111399e-05,69.18222112499106,0.774073539615888,0.5581526220864398,0.0,8,10,16,68.95720100402832
316,0.0700957918116971,0.00018417987273873962,0.5,22.877396807071964,1867.1109103518754,5.587909561790411,171.73017548565036,58886.281774130206,30.726665809620094,0.1262541830333445,7.613539009362701e-05,70.8857411236554,0.774073539615888,0.5581526220864398,0.0,8,10,16,70.0437958240509
321,0.07102100153076055,0.00018569672345150213,0.5,22.883917531334614,1893.942754868576,5.587004787130106,171.66104262339442,59894.264658211534,30.755772101611765,0.12531066822545842,7.90305724664194e-05,72.62562282614597,0.774073539615888,0.5581526220864398,0.0,8,11,16,71.13256025314331
327,0.07214354330162016,0.00018816013450008345,0.5,22.88268062121288,1926.568006436958,5.578966604916033,171.57609239907242,61142.417240929106,30.922948587202423,0.12469659276970177,8.235619440603657e-05,74.76996428393804,0.774073539615888,0.5581526220864398,0.0,8,11,16,72.43362975120544
332,0.07309126337215911,0.00019048062424833172,0.5,22.874073714476975,1954.0915253434105,5.568113697402879,171.503272860851,62219.32274711844,31.171917041244843,0.1245992328397035,8.161249619913186e-05,76.60885374653631,0.774073539615888,0.5581526220864398,0.0,8,11,16,73.52448272705078
337,0.07405064788981985,0.00019279216333397176,0.5,22.85859056297468,1984.8395565480582,5.579722584869706,171.4284494193013,63332.39245788648,31.46167204318417,0.12463653179031334,8.150799469208036e-05,78.49832849458599,0.7290066039774803,0.6191053892464935,0.0,8,11,16,74.62190890312195
342,0.0750210501643205,0.00019490269792487986,0.5,22.834790262590758,2018.5159404810804,5.587449299441951,171.35163056082536,64482.09766817075,31.741511155696728,0.12460918416002893,8.361873598541463e-05,80.44076113456185,0.7290066039774803,0.6191053892464935,0.0,8,11,16,75.71856784820557
347,0.07600108209303522,0.0001966955056708411,0.5,22.800879610975556,2052.6951487719984,5.590746705054874,171.2729042515175,65666.13575728895,31.99599123792769,0.12446265436601102,8.59238122255893e-05,82.43571956256459,0.7290066039774803,0.6191053892464935,0.0,8,11,16,76.81011581420898
353,0.07718535851564658,0.0001976219745886149,0.5,22.745744867175883,2094.3040887203547,5.588501383398936,171.17629435214326,67125.39962760256,32.28148362746392,0.12419281145582985,8.469256877695649e-05,84.89131627333933,0.7290066039774803,0.6191053892464935,0.0,8,11,16,78.11411213874817
358,0.07817430798054012,0.00019787650679074738,0.5,22.689125391462113,2129.3732939462075,5.581848494779173,171.0944836257408,68368.73485940737,32.509444313009325,0.12392161394077524,8.10033145536834e-05,86.97981801707486,0.7290066039774803,0.6191053892464935,0.0,7,11,16,79.17649292945862
363,0.0791640186255413,0.0001979676295766273,0.5,22.625271436084,2164.800134151191,5.572674837940307,171.01163417510014,69637.84109703675,32.72030279148643,0.1235791370749276,7.772219673643893e-05,89.10481259370947,0.7290066039774803,0.6191053892464935,0.0,7,11,16,80.2283844947815
368,0.08015383168207672,0.00019794789137556057,0.5,22.5937172600328,2200.5594078016697,5.562083295846952,170.92780312546662,70933.82082183716,32.92274519235938,0.12319881756892284,7.689164354994129e-05,91.26525752925768,0.7290066039774803,0.6191053892464935,0.0,7,11,16,81.28298664093018
373,0.08114334204460398,0.00019786624405782757,0.5,22.553508707612522,2236.5784955119834,5.561554137685184,170.84296853113653,72257.02133796987,33.15027113608234,0.12290418922769529,7.904177729336222e-05,93.46055449690334,0.7290066039774803,0.6191053892464935,0.0,7,11,16,82.35695314407349
378,0.08213236650717053,0.0001977634122781914,0.5,22.506731529670898,2272.733346774687,5.561294543968118,170.75705768133426,73606.1653239687,33.42859540883155,0.1227874482671333,8.281138544079731e-05,95.6904643575846,0.7290066039774803,0.6191053892464935,0.0,7,11,16,83.4088613986969
383,0.08312089129647605,0.00019766844544834866,0.5,22.457583668974934,2308.887183059031,5.5622459098163874,170.6699772185035,74978.78108963101,33.75971586460247,0.12285322196664442,8.527256351780534e-05,97.95498709205049,0.7290066039774803,0.6191053892464935,0.0,7,11,16,84.4725022315979
388,0.08410901121020416,0.0001975983508479307,0.5,22.406499743674207,2344.953269326476,5.560096095110173,170.58165165656152,76373.34568686005,34.13225762482028,0.12305752624380506,8.57984182016831e-05,100.25426330520824,0.7290066039774803,0.6191053892464935,0.0,7,11,16,85.52668285369873
393,0.0850968769467626,0.0001975609890308377,0.5,22.352992440652706,2380.928882214553,5.551504173295964,170.49205419549975,77790.08847969428,34.52961815899134,0.12333810454401345,8.844278096721778e-05,102.58853183146849,0.7290066039774803,0.6191053892464935,0.0,7,11,16,86.58143305778503
398,0.08608466358961593,0.00019755993809895364,0.5,22.29545609031483,2416.872647189848,5.549482899828261,170.40120204537615,79230.40475806453,34.937720695338584,0.12364285306666674,8.938876440770767e-05,104.95813396437197,0.7290066039774803,0.6191053892464935,0.0,7,11,16,87.6364438533783
403,0.08707256358296976,0.00019759909892437823,0.5,22.23208008294658,2452.8516136940725,5.549620110348177,170.30913979829793,80696.68269440258,35.36780487381048,0.12400824255518271,9.060353454036228e-05,107.36353424685308,0.7290066039774803,0.6191053892464935,0.0,7,11,16,88.69133043289185
408,0.08806079644444131,0.00019768499523340732,0.5,22.1620297850364,2488.906575810096,5.554449161356247,170.21591196421687,82191.15627092763,35.86914040675213,0.124599583638152,9.737750174995815e-05,109.80533816501017,0.7290066039774803,0.6191053892464935,0.0,7,11,16,89.7486789226532
413,0.08904962078863736,0.00019782603226092515,0.5,22.08558924948138,2525.054001999381,5.553052564285704,170.12151940418775,83714.50192917518,36.48703481291799,0.12556364596813072,0.00010129589272152973,112.28430130509881,0.7290066039774803,0.6191053892464935,0.0,7,11,16,90.80660486221313
418,0.09003933584228925,0.0001980297194948619,0.5,22.003484077050317,2561.2981196797314,5.542742599593151,170.02591077093805,85266.77084498898,37.21671527158999,0.12687381424213037,9.673886957657024e-05,114.80132093659883,0.7290066039774803,0.6191053892464935,0.0,7,11,16,91.87020087242126
423,0.09103026813732501,0.00019829985986502687,0.5,21.91635131142157,2597.6192433362266,5.541459491021458,169.92904587842014,86849.26974300918,38.02176078455302,0.12839811501462775,9.185355615845055e-05,117.35738984781544,0.7290066039774803,0.6191053892464935,0.0,7,10,16,92.92792510986328
428,0.09202274881283415,0.0001986354725252278,0.5,21.82491100273358,2633.9417238879323,5.542913929635733,169.8309662392697,88464.70569979741,38.866087259762566,0.13000954179301139,9.414752736043996e-05,119.95350142917438,0.7290066039774803,0.6191053892464935,0.0,7,10,16,93.97574472427368
433,0.09301123054574151,0.00019671563563901438,0.5,21.75718289373031,2669.911603630115,5.538416697908039,169.73243166150053,90106.14545729489,39.71147657061028,0.13158593531734647,9.671287155887889e-05,122.57488249331013,0.7290066039774803,0.6191053892464935,0.0,7,10,16,95.02533340454102
439,0.09418160297011745,0.00019390448443450882,0.5,21.68050589417623,2711.993926469349,5.552642458658103,169.6149534352167,92090.7952223112,40.69100411446266,0.13332958134821443,9.48076025372052e-05,125.72429940482252,0.7290066039774803,0.6191053892464935,0.0,7,11,16,96.28303813934326
444,0.09514441566723819,0.0001916809883429371,0.5,21.611928145746806,2746.0356690874264,5.539090504516898,169.51772156374494,93751.94094675165,41.4841052251161,0.13468563680577564,9.158282835816829e-05,128.35182950275396,0.7290066039774803,0.6191053892464935,0.0,7,11,16,97.33494830131531
449,0.09609638454685583,0.00018954621969268816,0.5,21.54106967128709,2779.097503422587,5.537664520356681,169.4211291485277,95414.70765583913,42.27902005773298,0.13603193828185303,8.957071356315209e-05,130.98170692074027,0.7290066039774803,0.6191053892464935,0.0,7,11,16,98.39915704727173
454,0.09703789884429061,0.0001874823634736316,0.5,21.469233099907225,2811.166463031244,5.5436863256017155,169.32523460476696,97076.49242338573,43.117425941300674,0.13750097905898145,8.939276016752794e-05,133.61336364616562,0.7290066039774803,0.6191053892464935,0.0,7,11,16,99.45298314094543
460,0.09815435391367446,0.0001850821514849039,0.5,21.381994337642222,2848.277202195994,5.536096361321356,169.21109383453984,99068.32815231642,44.26228615792602,0.13967360611787105,9.023166494941919e-05,136.77262093113325,0.7290066039774803,0.6191053892464935,0.0,7,11,16,100.71652221679688
465,0.09907392929014583,0.00018314550196816884,0.5,21.30730578202339,2877.946156542402,5.529037984982464,169.1166349378531,100725.56433122426,45.383237508091064,0.14197333765554712,9.055811335000623e-05,139.40546793156875,0.7290066039774803,0.6191053892464935,0.0,7,11,16,101.76861143112183
471,0.10016495944777118,0.0001809229548886705,0.5,21.213147405878292,2911.887394254662,5.523544495372445,169.00378695776274,102708.30350030251,46.96005739239171,0.14539907770163105,9.078127016442559e-05,142.56390943734408,0.7290066039774803,0.6191053892464935,0.0,7,11,16,103.02818608283997
476,0.10106432614849989,0.00017919060981373688,0.5,21.129887524317866,2938.7678563397894,5.519827267470755,168.9099006188598,104354.31224555464,48.472069921048956,0.14880846265993228,9.154976645590383e-05,145.1948516922582,0.7290066039774803,0.6191053892464935,0.0,7,11,16,104.09032678604126
482,0.10213274453002756,0.0001772999219825717,0.5,21.024636354149486,2969.519790025459,5.51510436118529,168.79712183494152,106324.30134031875,50.4896814374756,0.15344081123098494,9.30806168258411e-05,148.35111325462296,0.7290066039774803,0.6191053892464935,0.0,7,11,16,105.35563492774963
487,0.10301497301002867,0.00017589701913246972,0.5,20.933796567566173,2994.1300712236016,5.508400911307719,168.70291131114922,107963.35295954016,52.277956733413994,0.15755401780670544,9.498739320831697e-05,150.98176413079725,0.7290066039774803,0.6191053892464935,0.0,7,10,16,106.41341710090637
493,0.10406503809783453,0.0001744038575917518,0.5,20.822997367914926,3022.6761575811743,5.51121434726414,168.58958295806625,109923.62232064307,54.4611732627219,0.16252187649391855,9.936630771633159e-05,154.1407832112776,0.7290066039774803,0.6191053892464935,0.0,8,10,16,107.70068621635437
499,0.10510671776871784,0.00017306533929597358,0.5,20.71321679898164,3050.1496538183424,5.5117831469182645,168.47604031791016,111865.61608254457,56.6294621631701,0.167372343462441,0.00010544505590395923,157.30375280755277,0.7290066039774803,0.6191053892464935,0.0,8,10,16,109.00909090042114
505,0.10614070730564233,0.0001718158780813146,0.5,20.603281335222725,3076.273355309695,5.518593401768015,168.36226903585285,113773.05405347756,58.79413213669211,0.1721543823492582,0.00010943585944003696,160.4710814526587,0.7290066039774803,0.6191053892464935,0.0,8,10,16,110.34287810325623
511,0.10716736807968595,0.00017061067236168398,0.5,20.596833161152386,3100.6268285646793,5.518042802406141,168.24798237707344,115629.63763832304,60.990904026254185,0.1769843357461767,0.00010910851484313632,163.64187201464202,0.7290066039774803,0.6191053892464935,0.0,8,10,16,111.66496801376343
516,0.10801747966487599,0.0001696341202681027,0.5,20.73355798812735,3119.3166435956737,5.532228567714881,168.1519313456811,117129.50222816816,62.83717750698801,0.18102798416171306,0.00010703635349247562,166.28569501709734,0.7290066039774803,0.6191053892464935,0.0,8,11,16,112.7812774181366
522,0.10903133755735757,0.00016851713497496407,0.5,20.86932904033319,3139.715350078682,5.544325360389827,168.03501306796974,118869.02081875887,65.02277889950055,0.1857728834636144,0.00010583292092396447,169.45857951013807,0.7290066039774803,0.6191053892464935,0.0,8,11,16,114.11333894729614
528,0.1100388153076199,0.00016749769982675805,0.5,21.03200532544237,3158.0042206877697,5.541132157600268,167.91543819973094,120545.09411955463,67.17351292153121,0.19039855107514597,0.00010846985157461591,172.63098568260747,0.7290066039774803,0.6191053892464935,0.0,8,11,16,115.42578506469727
534,0.11104062443940721,0.00016660981996982567,0.5,21.167306503504506,3174.3599396505697,5.532113769516204,167.79218137166265,122162.40362329443,69.4088964666378,0.19523071290853908,0.0001165017809867313,175.80289580342227,0.7290066039774803,0.6191053892464935,0.0,8,11,16,116.75353145599365
540,0.11203761510880678,0.00016586764853892684,0.5,21.284640196285014,3188.8577076522715,5.520637412064226,167.66399546606985,123727.31951423721,71.92412352381007,0.20078391415614097,0.00012953457833938137,178.97493011428207,0.7290066039774803,0.6191053892464935,0.0,8,11,16,118.06243753433228
546,0.11303064181790526,0.00016526258921163402,0.5,21.3764305420066,3201.4596727106145,5.507041512285942,167.52956314937987,125258.3547620479,74.87200859732009,0.20742992961261378,0.0001425890489463318,182.14780803344036,0.7290066039774803,0.6191053892464935,0.0,8,11,16,119.38289713859558
552,0.1140204410543361,0.00016476800431250741,0.5,21.432421570350474,3212.1562131896876,5.504354525183406,167.38823122265524,126801.2533586211,78.2729912840398,0.21515263528058126,0.0001504361452329053,185.3219040867528,0.7290066039774803,0.6191053892464935,0.0,8,11,16,120.70334649085999
558,0.11500754888818127,0.00016434679535499508,0.5,21.452621184340273,3221.1008124012988,5.500546926785116,167.24112548722695,128432.15554350939,81.98982504225148,0.2234947858206635,0.00015353558317501094,188.49706329030295,0.7290066039774803,0.6191053892464935,0.0,8,11,16,122.02817749977112
565,0.11615616441716388,0.00016389648189197982,0.5,21.544415519286876,3229.75536964237,5.495037452224865,167.06675520300368,130559.23299634185,86.40502676182557,0.23305480272635315,0.00015847366548409224,192.20184008326737,0.7290066039774803,0.6191053892464935,0.0,8,11,16,123.55441737174988
571,0.11713819878756337,0.00016351071564691357,0.5,21.660781662509322,3254.995537254895,5.49535192160452,166.91962292831582,132635.30899168388,90.01155188732893,0.24041941149844515,0.0001705701533002058,195.38596422029357,0.7571422394816153,0.581417328002678,0.0,8,11,16,124.8641574382782
577,0.11811786701718181,0.00016310949753550695,0.5,21.75705508871432,3278.5095849433037,5.49067349483434,166.77645865875076,134944.1616097585,93.3781213549232,0.24684550783708645,0.00019145907073666663,198.58629791842702,0.7571422394816153,0.581417328002678,0.0,8,11,16,126.16529631614685
583,0.11909507950945548,0.0001626959475131416,0.5,21.8363115567237,3294.4157791186885,5.4838524658811245,166.63514443993304,137452.5278239783,96.61550916653003,0.25265836817502263,0.0002172223690341852,201.79787030669894,0.7571422394816153,0.581417328002678,0.0,8,11,16,127.4786925315857
589,0.12006981392009768,0.00016228612888646212,0.5,21.900332802826785,3301.7414280837424,5.484816894995953,166.49244929881777,140140.9650169006,99.96186272102004,0.25846604750268665,0.00024241391989325017,205.0126210106318,0.7571422394816153,0.581417328002678,0.0,8,11,16,128.79979538917542
595,0.12104216765849685,0.00016190178575263407,0.5,21.949248889493397,3300.752118433124,5.489133252955261,166.34857987896643,143046.69045351303,103.72686933066852,0.26496513917310976,0.0002586362233408291,208.22260065198782,0.7571422394816153,0.581417328002678,0.0,7,11,16,130.08514952659607
601,0.12201237086079385,0.00016156481651701833,0.5,21.98253257303036,3292.7717987094748,5.490427119462759,166.2089749761247,146236.87556734824,108.26412161812753,0.2728807592188116,0.00026973359120764943,211.42112966140462,0.7571422394816153,0.581417328002678,0.0,7,11,16,131.36273002624512
608,0.12314203957271655,0.00016125911896481776,0.5,22.04321854378011,3277.392225985053,5.486298976621292,166.06191591700974,150235.8822385307,114.84348126306581,0.28456155949240747,0.0003230874241542673,215.1321840268534,0.7571422394816153,0.581417328002678,0.0,7,11,16,132.8674647808075
614,0.12410897261988751,0.00016109578903516453,0.5,22.552391648815025,3261.7480065870536,5.48449911567406,165.95597500896355,153523.98893736763,121.59786788228027,0.2968758736750261,0.0004020254741646791,218.293639422333,0.7571422394816153,0.581417328002678,0.0,7,11,16,134.1425759792328
620,0.12507531151386678,0.00016104542419961704,0.5,22.92223109710844,3246.193254391398,5.4841602129733955,165.86969415963625,156206.5696489422,129.34562795360745,0.3115224437668055,0.000463989196288447,221.43807780244097,0.7571422394816153,0.581417328002678,0.0,7,11,16,135.40954637527466
626,0.12604179554048553,0.00016112465674927414,0.5,23.522836197168154,3232.344937377468,5.4839900298303474,165.79732832630603,158184.91262225356,137.47577580474348,0.32718827530626493,0.00047356976638395404,224.56877964153304,0.7290066039774803,0.6191053892464935,0.0,7,11,16,136.66945719718933
632,0.12700923475827164,0.00016134135658568599,0.5,24.172110095987858,3222.4384051911966,5.482312116074358,165.72544565489574,159787.0123415315,144.6916986116383,0.34086493218162733,0.00045408464849940245,227.69108491548977,0.7290066039774803,0.6191053892464935,0.0,7,11,16,137.93889117240906
639,0.12814021937669456,0.0001617661392447198,0.5,24.98524855231333,3210.7553752980457,5.481585433058596,165.61898695118163,161408.56262790083,151.02236733477866,0.35237589619355675,0.0004866568087705973,231.32900652202346,0.7571422394816153,0.581417328002678,0.0,7,11,16,139.40753054618835
645,0.12911252994936734,0.00016227438606765605,0.5,25.48892419366135,3204.8986618441386,5.478789138218547,165.49484543581514,162334.88284035886,154.63709678106858,0.35882884040880786,0.0005168547164319155,234.44801064748552,0.7571422394816153,0.581417328002678,0.0,7,11,16,140.69097924232483
651,0.1300883733215755,0.00016292267488445322,0.5,25.79807009151454,3201.9955857336086,5.479365129022821,165.34230289885718,162577.69852342337,156.83474204919614,0.36302056445426645,0.0005526837497399144,237.57407329145417,0.7571422394816153,0.581417328002678,0.0,7,11,16,141.95718693733215
657,0.13106865419711153,0.00016373084331224095,0.5,26.052575447815208,3202.018523342266,5.502766269047919,165.17502361888774,162185.60868155246,158.2764014286604,0.3662938969089167,0.0005797328693977394,240.71293957034916,0.7571422394816153,0.581417328002678,0.0,7,11,16,143.24635529518127
663,0.1320544147912566,0.0001647218459660685,0.5,26.14681051352452,3203.736310343823,5.521250557392782,165.00754506753188,161396.49315243494,160.34570395340643,0.3712092711418397,0.0006000868744900867,243.8702099157502,0.7571422394816153,0.581417328002678,0.0,7,11,16,144.54086780548096
669,0.13304679041626263,0.0001659031079747298,0.5,26.01107407798247,3204.4166229541083,5.529543453585045,164.84594823548926,160525.3058401893,164.05418570260832,0.3794547739216757,0.0007704383957530892,247.0498573019081,0.7571422394816153,0.581417328002678,0.0,7,11,16,145.82446885108948
675,0.1340468587671201,0.00016725201852494303,0.5,25.54350091239666,3200.657933807001,5.5418299856649735,164.68252618932263,159638.01423485446,167.78175242627293,0.3877116142081662,0.0008397286730484577,250.25261347645773,0.7571422394816153,0.581417328002678,0.0,7,11,16,147.11437916755676
681,0.13505547367809412,0.0001687238418871026,0.5,25.12433127787291,3190.0337645898653,5.569544859947114,164.50103341861404,158508.80764736218,169.8529800763809,0.39294664512753796,0.0008094997122278317,253.47548694567817,0.7571422394816153,0.581417328002678,0.0,7,11,16,148.38664841651917
687,0.13607323302506844,0.00017028226008720314,0.5,25.16626577757328,3171.9408999340185,5.586953087271204,164.28766677310082,157065.35569837742,172.4462257242283,0.3995382528115323,0.0007583284295475464,256.71296653569465,0.7571422394816153,0.581417328002678,0.0,7,11,16,149.6515669822693
693,0.13710063307562578,0.00017192611808512445,0.5,25.143197524996733,3146.2536295963523,5.590885542355732,164.03430298145304,156030.37387983646,175.70369920809125,0.40697484475975326,0.0008229509655404447,259.95862322523,0.7571422394816153,0.581417328002678,0.0,7,11,16,150.91651487350464
699,0.1381382731901467,0.00017368141983801667,0.5,24.768582555672825,3120.2753522282214,5.582005649144529,163.74386673385442,155856.78120283154,177.24973754122405,0.4101444701740866,0.0008729147620332157,263.2098241504046,0.7763183496264406,0.5548364982220533,0.0,7,11,16,152.18890237808228
704,0.13901131796608024,0.0001752381424691276,0.5,24.308497582467243,3135.4680596630214,5.5658856074805,163.48220516612886,156349.8292568768,176.86809604089552,0.40886811555073965,0.0009110423353156788,265.9405962030707,0.7763183496264406,0.5548364982220533,0.0,8,11,16,153.25576186180115
710,0.14006956980118943,0.0001771999223974174,0.5,24.6031775957956,3153.3711407120327,5.537937713393023,163.16573480437415,157337.7993079468,175.86509170379105,0.40586051446754756,0.0009717916041975266,269.26818401532245,0.7763183496264406,0.5548364982220533,0.0,8,11,16,154.56181263923645
716,0.14113989966369553,0.00017925091717874112,0.5,25.29847484874712,3165.107828131414,5.533697949532197,162.87017853033768,157770.8960447515,176.8972958242129,0.40737721588943154,0.0008970478578587036,272.6496123783074,0.7763183496264406,0.5548364982220533,0.0,8,11,16,155.8742172718048
721,0.14204153384384005,0.00018105998525132767,0.5,26.110445945155544,3167.369674378476,5.5399271688151455,162.6517923061849,158003.33346406443,179.43417911996252,0.4119788550699099,0.0008102505387708179,275.50440145893697,0.7763183496264406,0.5548364982220533,0.0,8,11,16,156.97700762748718
727,0.14313606953900246,0.0001834326161340078,0.5,27.046318900916287,3158.7141382936807,5.53846459237427,162.43374255329184,158663.7614073587,183.1947288997391,0.4183860419609522,0.0008702140474542091,278.9664637307163,0.7763183496264406,0.5548364982220533,0.0,8,11,16,158.28598856925964
732,0.1440597483651553,0.00018563358214456263,0.5,27.805264124204474,3139.6952261538154,5.5300213479436096,162.28648057432937,159356.96069176478,187.56773270571543,0.42581041995147234,0.0009415963768180683,281.87531741490784,0.7763183496264406,0.5548364982220533,0.0,8,11,16,159.38008832931519
738,0.14518362506358595,0.00018855082405683,0.5,28.470771751758885,3099.0203665314475,5.516565274375947,162.13331635630954,160325.23379151762,192.55228457078593,0.43393679091023263,0.0009619994394933931,285.3810909562853,0.7763183496264406,0.5548364982220533,0.0,8,11,16,160.6892261505127
743,0.14613415059878337,0.00019115710038346108,0.5,28.455615228529965,3204.1127443927976,5.502098874621192,162.01379413714147,161078.36577793624,195.31453707198187,0.43813725066516723,0.0009518139865840296,288.3767354431262,0.826016284855087,0.32079196296775897,0.0,8,11,16,161.783132314682
748,0.14709797214554518,0.00019384062481209667,0.5,29.099033397943764,3448.9269857262243,5.491277226053321,161.88502248833848,161820.30931280725,199.15125376597092,0.4442313361161371,0.0010125151133256653,291.58290696480174,0.826016284855087,0.32079196296775897,0.0,8,11,16,162.87900757789612
753,0.1480752404512445,0.00019652477708879056,0.5,29.473924983264375,3656.79084145588,5.495992819794426,161.71956250423895,162391.80625502195,205.52469102523787,0.4548979849511956,0.0008849357173165233,295.05500337567565,0.826016284855087,0.32079196296775897,0.0,8,11,16,163.9741039276123
758,0.14906293089225364,0.00019671469636775078,0.5,29.443263473990548,3794.638388328111,5.497828774625029,161.52256884527307,162684.2129242562,212.15517069190176,0.46609323592447477,0.0009903290456537372,298.7348560867325,0.826016284855087,0.32079196296775897,0.0,8,11,16,165.07798194885254
763,0.1500419128519097,0.00019712395578361252,0.5,29.24635330153645,3825.0784044451066,5.4926874955848195,161.3343505013332,163813.9369318468,216.67017839859722,0.472531965362541,0.0012130678552431675,302.4646387256392,0.826016284855087,0.32079196296775897,0.0,8,11,16,166.18140959739685
768,0.15105295543433045,0.00020433793416990898,0.5,29.46326953659105,3718.3447974212245,5.484356610864105,161.1444378841808,166035.8496406731,219.7271225667895,0.47520061076615316,0.0013715536228005349,306.27799976279294,0.826016284855087,0.32079196296775897,0.0,8,11,16,167.28490710258484
773,0.15208327518220435,0.00020726093986785804,0.5,29.410818556054245,3481.202120156974,5.465182490439649,160.95436418683212,168925.9139284056,223.30425562497433,0.47796490823247473,0.0014163511747233386,309.9869174452557,0.826016284855087,0.32079196296775897,0.0,8,11,16,168.39274668693542
778,0.15312937396097848,0.00021058310274684074,0.5,29.096740790982103,3684.304580353016,5.446083295407496,160.76244280110274,172043.62282007674,230.41381008840327,0.48617290769643484,0.0015282082348851234,313.73483134960634,0.8445346357972275,0.3343454071711471,0.0,8,11,16,169.50097751617432
783,0.15419332638883085,0.00021431027457660966,0.5,29.379790002205418,3936.570801626828,5.447447647831176,160.5378850045638,174092.49104443184,242.21511176174857,0.502616940207646,0.0014575266599059552,317.78895578211524,0.7859645028722819,0.30326328753179044,0.0,8,11,16,170.60698866844177
787,0.155058516514192,0.00021750849182768195,0.5,29.348717156298584,4541.374126972334,5.447889512367892,160.3377757118516,173911.71082560945,252.15896288475687,0.5180012931226464,0.0017010839016691124,321.45647289990507,0.7859645028722819,0.30326328753179044,0.0,8,11,16,171.49138402938843
792,0.15615845349453375,0.00022165299438808275,0.5,28.71397580548906,4660.402239839316,5.4349142989636645,160.0484375296457,171728.9478479546,258.43515117005387,0.5297591066537759,0.001549746306728076,326.5171599552505,0.7859645028722819,0.30326328753179044,0.0,8,11,16,172.58996057510376
796,0.15705340854389468,0.00022498528741688782,0.5,27.469442886661714,3966.57985262941,5.425939185536252,159.7847758859494,167775.1056248572,259.4757056687616,0.5357549064350259,0.0015397222506956687,330.37754054745113,0.7859645028722819,0.30326328753179044,0.0,8,11,16,173.47588634490967
801,0.1581905227271254,0.00022901925065474927,0.5,26.833407200033182,3420.2573220990994,5.465039544634308,159.43288615652267,162037.57230919728,266.0708380438029,0.5520586697538741,0.0019147491606762816,334.57737920775094,0.8394312100533743,0.35266108894327125,0.0,8,11,16,174.57496690750122
805,0.1591143125432318,0.0002320902669511675,0.5,26.32585465399563,3976.2207187807126,5.473275790300954,159.1408072449979,162321.44282779662,272.00992227556293,0.560207050060535,0.001936894308957677,337.99377475236065,0.8315159492473675,0.27991442283803514,0.0,8,11,16,175.456805229187
809,0.16004697027815182,0.00023350311702404045,0.5,25.974405633763546,4417.723643367787,5.466906219298084,158.84177265865844,164461.85663845728,271.5309535069878,0.557010220841432,0.0019638655466412127,341.9081133202837,0.8315159492473675,0.27991442283803514,0.0,8,11,16,176.33382534980774
814,0.16121902996615342,0.00023509020146735975,0.5,25.82448703437715,4110.072504982424,5.457131977792946,158.46650766387634,161544.6784143214,265.34562465527523,0.5516180684460196,0.0021170019275752816,346.905656366772,0.8394312100533743,0.35266108894327125,0.0,8,11,16,177.436585187912
818,0.16216282415061245,0.00023634884040901077,0.5,25.641835467290424,3602.615253564986,5.43890216715962,158.16434090242413,156834.8218268325,260.8073081511868,0.5507024862078262,0.0024344771843830236,350.5452512933047,0.8394312100533743,0.35266108894327125,0.0,8,11,16,178.31661939620972
822,0.16310895944021725,0.00023659923234414259,0.5,25.60654071901817,4266.071234975255,5.425425186210612,157.85517043190808,152852.98123905904,253.70474321521746,0.5450719308576337,0.002449713477010977,354.2676722781269,0.8410217233369486,0.35459241381871565,0.0,8,11,16,179.19445824623108
826,0.16405479949310134,0.0002363062399634886,0.5,25.33811437961105,4251.962027993237,5.414293138643672,157.5618021224146,148941.75121034277,241.07070782213287,0.5305284100953737,0.0019927075482306413,358.29602079408414,0.8410217233369486,0.35459241381871565,0.0,8,11,16,180.0777952671051
831,0.16523609461721603,0.0002366155926841459,0.5,25.136092208157947,3453.1383139790983,5.412705307181681,157.2380023091399,141256.40927067114,227.13553272717044,0.5180141242870631,0.002059907925420588,362.8470195264773,0.8297321074730433,0.25537459477066804,0.0,8,11,16,181.17170929908752
835,0.16619189645435112,0.00024104194128214877,0.5,25.247908425074918,3144.8395423181782,5.403037138341036,156.99648857550048,133610.60543654466,222.07706896740132,0.5200789864287507,0.0017699329394551785,366.0001992046901,0.8297321074730433,0.25537459477066804,0.0,8,11,16,182.04977703094482
839,0.16718000240296668,0.00025131861981932054,0.5,24.80948892181466,2859.073976075,5.398178239850088,156.74853352154832,127434.12289146929,220.26460923713955,0.5260080208210363,0.00200001651348359,368.9664505359389,0.8297321074730433,0.25537459477066804,0.0,8,11,16,182.9291319847107
843,0.16820328320740263,0.000256332320004308,0.5,24.774533839616584,2650.97892470555,5.403494789658259,156.49477093052403,124016.74660917242,221.8483917559672,0.5339539264866267,0.0023497361999648626,371.7856162183366,0.8297321074730433,0.25537459477066804,0.0,8,11,16,183.80652284622192
847,0.1692275424613662,0.0002553462541951775,0.5,24.28642307799321,2534.1235874192676,5.406022394720453,156.26263782765625,123131.20582696366,224.44792083785813,0.539792128294279,0.002222037415046725,374.4410608337334,0.8338861181797265,0.27450301110377473,0.0,8,11,16,184.6902198791504
851,0.17024256514367567,0.0002527659129448029,0.5,23.989043543553425,2894.098830273036,5.400647145379926,156.06020727265872,124106.73636248794,221.57300940780374,0.5333619384226255,0.0016905443900493903,377.1959452730226,0.8415324256633527,0.3063181712307321,0.0,8,11,16,185.56822109222412
855,0.17124680227033867,0.00025003892716357417,0.5,23.55319215606335,3190.9902918466823,5.407140617169765,155.8779250122322,124867.80290202763,211.70651730962712,0.5148907808305107,0.0013355109197620842,380.2513814807655,0.8415324256633527,0.3063181712307321,0.0,8,11,16,186.45643043518066
859,0.17224073711887058,0.00024763221259259556,0.5,23.1501966940498,2921.6391000940685,5.411776410323545,155.70538779318355,123134.62154172856,201.07770624718682,0.4981513397090893,0.0012178125359315298,383.28915916517064,0.8415324256633527,0.3063181712307321,0.0,8,11,16,187.34507513046265
863,0.1732274936705043,0.00024631934041590743,0.5,22.821693712392346,2583.5949683111207,5.4128766612101025,155.53760084699024,119788.99136687545,193.14792604005913,0.4883127527911537,0.0012041835837750031,386.0053220578086,0.8415324256633527,0.3063181712307321,0.0,8,11,16,188.22128558158875
867,0.1742091820995194,0.0002444212375166541,0.5,22.477101903545062,2419.4288084978584,5.410635527909112,155.3706306714688,117220.5936841518,188.04409435300394,0.4824302683544447,0.0011184005878461351,388.461027333699,0.8415324256633527,0.3063181712307321,0.0,8,11,16,189.0984287261963
871,0.17517983807547047,0.0002416307307246988,0.5,22.339625200187047,2292.831166813961,5.404682027706653,155.19895241270805,116338.83104598652,186.2606433228674,0.48032049780159014,0.0010079746413804466,390.7480189863347,0.8415324256633527,0.3063181712307321,0.0,8,11,16,189.9732460975647
875,0.17614010012164244,0.00023919985311205013,0.5,22.285572178214956,2257.0449211939017,5.396193318359705,155.01819865223305,116431.16655681007,187.6067071211263,0.4828466889373998,0.0010176441786878911,392.9325556473844,0.8399288634457704,0.301602266559766,0.0,8,11,16,190.85140109062195
879,0.1770927191775791,0.00023768865793862576,0.5,22.32713467012116,2293.3279460258045,5.3908060221419225,154.8303098771689,116381.72081818867,191.0623726244131,0.4897129523634496,0.0010176885426736008,395.0999415998497,0.7915971682141969,0.24536167664835795,0.0,8,11,16,191.72862219810486
883,0.17804336972109383,0.00023792727376637738,0.5,22.562985654639647,2463.4373322171023,5.389258301590702,154.63959562637092,115704.26726758378,194.3827849684939,0.49725120349093227,0.0009346766911451874,397.36095234841656,0.7915971682141969,0.24536167664835795,0.0,8,11,16,192.60847783088684
888,0.1792362900923908,0.00023941664260701198,0.5,22.903899465387273,2564.7501020138097,5.384053726001081,154.4028140287943,113930.7369119901,194.63171406634027,0.5006561078209567,0.0008848447471779452,400.3600659589133,0.7790049601730311,0.257233519393265,0.0,8,10,16,193.70727109909058
892,0.18019447594155433,0.0002392009700546864,0.5,23.241773798261747,2502.723125679811,5.380242373855983,154.21899252997392,111810.57327567674,191.12136936095754,0.49738846458078334,0.0008769596656935624,402.7878565278088,0.8105558997161421,0.25494199566864684,0.0,8,10,16,194.58109784126282
896,0.18112668193073686,0.00022973536194027767,0.5,23.344953637164675,2488.3415661304834,5.383980050475109,154.05096475065807,109540.18367325717,186.01774890118273,0.4911461144177523,0.0007715426902015746,405.1142067268603,0.8105558997161421,0.25494199566864684,0.0,8,11,16,195.46648931503296
900,0.1820305340014014,0.0002241197005872942,0.5,23.131624109812705,2462.9580983861324,5.389402390255044,153.90241190469825,107639.71826659358,180.94293288247968,0.48415115040836515,0.0007163888088417975,407.35182795398725,0.8105558997161421,0.25494199566864684,0.0,8,11,16,196.35105633735657
905,0.18314646758564201,0.00022338060322108926,0.5,22.93321730394918,2376.506677768453,5.387750853461783,153.73884986255192,105942.51067545824,174.8308906123592,0.47443440052346203,0.0006758545414552275,410.05208859071746,0.8105558997161421,0.25494199566864684,0.0,8,10,16,197.44274592399597
909,0.1840401130826101,0.00022324422403764574,0.5,23.09686251010747,2202.710092390878,5.382153393347435,153.61732397934946,105068.21450747672,168.90647024112238,0.4633632754481977,0.0005991399916233979,412.09818681386423,0.8105558997161421,0.25494199566864684,0.0,8,10,16,198.3246397972107
914,0.18516426649028284,0.00022736053533024556,0.5,23.15261260360642,2723.8661115940354,5.3718040565864555,153.4626772122558,104376.05211378174,159.117871305163,0.44308210324962344,0.0006853449482877862,414.86730052779876,0.8304456400220996,0.2740478367795329,0.0,8,10,16,199.41545701026917
918,0.18608537082421733,0.0002296331757473409,0.5,22.914097827115686,2690.5376425579107,5.370469085776667,153.3277246659193,103477.3037339209,150.81760192657873,0.4257510253292496,0.0007169060329382679,417.36091590960905,0.8304456400220996,0.2740478367795329,0.0,8,10,16,200.29186940193176
923,0.1872188219479514,0.00022463979255866426,0.5,22.522522916893244,2628.603573374225,5.375514966649878,153.15709216626962,101549.8655278792,144.26659976764682,0.41368701174554234,0.0006239703823874064,420.3754092038583,0.1553144869233556,0.0903577770267098,0.0,7,10,16,201.36430382728577
927,0.18810629907589543,0.00022015213898107623,0.5,22.166047649358255,2671.7415070472916,5.377404238817193,153.02361741369728,99674.97759921224,142.09401772285833,0.41171853256979823,0.0006630418734067165,422.7273767184007,0.15564435096327375,0.11216937089086772,0.0,7,10,16,202.20883059501648
932,0.1891887868597425,0.00021399308146062784,0.5,21.705916746054076,2614.297396657098,5.37169153781062,152.86202429191357,97230.08670609463,141.4307832076763,0.4144188506552795,0.000657228341184872,425.5884129875009,0.15564435096327375,0.11216937089086772,0.0,7,10,16,203.26073455810547
936,0.19003189348325508,0.00020884319156068933,0.5,21.58942199336515,2425.655631039328,5.364101175259991,152.73658400918137,95558.71287914261,141.73403160167732,0.41817641230819497,0.0005501778673717064,427.7130218774225,0.15345120623910977,0.1333709547872181,0.0,7,10,16,204.11036491394043
941,0.19105742600221268,0.00020271147833836992,0.5,21.26730431304158,2437.036083000489,5.364078887159858,152.58376827009997,94260.85917775844,141.04088427657777,0.4188796061763943,0.000440893803853929,430.20644611862923,0.15389432031467773,0.13576999708751908,0.0,7,10,16,205.16354966163635
946,0.1920554115608184,0.00019772392536954484,0.5,21.033267827811695,2858.805612026291,5.3616662789589,152.43522787825796,93717.23754762925,138.4769192009132,0.4135853575275366,0.00043734130270604637,432.84903288477864,0.15389432031467773,0.13576999708751908,0.0,8,10,16,206.2342984676361
951,0.1930334378436649,0.00019442863439852104,0.5,20.759585699190623,3013.897285297446,5.357997531774708,152.29155881501902,93540.63244978648,135.59556087509225,0.4067516675229996,0.00044414813808547736,435.7208617772443,0.15389432031467773,0.13576999708751908,0.0,8,10,16,207.33114910125732
957,0.19419239394878407,0.00019245313352907455,0.5,20.38314709541139,2321.6705559768407,5.353117492009562,152.1249802931453,93250.13784837103,133.24980294427644,0.4014002947095289,0.00042070942700596657,438.8127062392055,0.17255546688537615,0.1302001355905589,0.0,8,10,16,208.6362087726593
962,0.19515198910640214,0.0001916216997102104,0.5,20.035096238103648,1955.1859407872248,5.354386307381868,151.98905908642902,92648.57551674233,131.8046339582836,0.3988476825171695,0.00039666547257626586,440.8647316312666,0.19571056445378937,-0.07299749962477894,0.0,8,10,16,209.72392010688782
967,0.19610908043287983,0.0001913348783332722,0.5,19.729908583849653,2101.3024678725237,5.355737814896485,151.8558232203888,91888.21385711331,129.95772991732466,0.39553211389002413,0.0003540519397047975,442.8059465672094,0.19571056445378937,-0.07299749962477894,0.0,8,10,16,210.8175127506256
972,0.1970654355578588,0.00019125856098516913,0.5,19.57800335831468,2280.293926320718,5.361433008586246,151.72749998326606,91205.65534353544,127.41642084664643,0.39023446809038037,0.00034701143909361855,444.90112765079743,0.15027323399176148,0.2368123949413434,0.0,7,10,16,211.8937485218048
977,0.19802260083013196,0.0001915940751519041,0.5,19.608262515452672,2647.241917511377,5.362127141166511,151.60429834359164,90692.21295884848,124.71170427423982,0.38412331383670767,0.00037702498973037974,447.2593607445961,0.17227262806477717,-0.04595766448843471,0.0,7,10,16,212.94542336463928
983,0.19917453320443876,0.0001923024724466457,0.5,19.7106140842637,3124.5752563943465,5.357078770371597,151.4591376365973,90163.10194654924,122.7281250764546,0.3798708305296517,0.0003449002932745306,450.5837322751971,0.17227262806477717,-0.04595766448843471,0.0,7,10,16,214.21036076545715
988,0.20013807327508734,0.000192961292919782,0.5,19.745618620127072,3294.368411952512,5.354112988333439,151.33819638208885,89599.71699763522,122.91613084328013,0.38141112097760843,0.00030477728991050494,453.6761869930412,0.17227262806477717,-0.04595766448843471,0.0,7,10,16,215.26429533958435
993,0.20110230881052923,0.00019267214999413196,0.5,19.78970466253461,3074.5861842881723,5.35056673135853,151.21771842458347,89022.93679776079,124.25214453052585,0.3860277698518406,0.00028358180759530945,456.7467731656968,0.17227262806477717,-0.04595766448843471,0.0,7,10,16,216.32287621498108
998,0.20206317643672192,0.00019176425353335973,0.5,19.862327766865437,2650.919766245356,5.35049729156742,151.0983686107725,88748.61038830804,125.43214308214971,0.38966820041658384,0.00028330669874253897,459.4974998214174,0.18069253496121837,-0.06046641738225132,0.0,7,10,16,217.3738136291504
1003,0.20301790382245677,0.00019034100966573836,0.5,19.92629805595644,2809.20440730298,5.348247499912922,150.97879344512683,88879.38543604186,125.64363665497544,0.3899916753738247,0.0002865226672743771,462.10396486041714,0.182384728975036,-0.06241866464467621,0.0,7,10,16,218.42511653900146
1009,0.20415264218627951,0.0001882145457540952,0.5,19.95413442418258,2867.2876796863425,5.342989110141305,150.83206056606053,89229.666778086,124.95897975860794,0.3875471338129755,0.0002539407370971142,465.3246315319387,0.182384728975036,-0.06241866464467621,0.0,8,10,16,219.72839951515198
1014,0.2050881799467971,0.00018638165235953694,0.5,19.977650457093024,2735.4776966919735,5.349347835015467,150.70867570933828,89349.33280530956,124.40822501908413,0.3858832544823116,0.00024257361978309735,467.94543081839987,0.182384728975036,-0.06241866464467621,0.0,8,10,16,220.82542085647583
1019,0.20601508007236888,0.0001847534221801796,0.5,20.0590071644141,2351.1747916633276,5.34783997197592,150.5872356342718,89251.40466676283,124.03165065779744,0.38508164746519813,0.0002506703941684456,470.30284023349816,0.182384728975036,-0.06241866464467621,0.0,8,10,16,221.912344455719
1025,0.2071182237459714,0.0001833039822258978,0.5,20.103806016857796,1831.6156675728048,5.340623506570574,150.4465297075159,88842.71918402027,123.38367391853353,0.38413950628253085,0.00024125966690055132,472.60994965005386,0.6839434070554172,0.6777470950065951,0.0,8,11,16,223.2158453464508
1030,0.20803229005814164,0.00018253215717122382,0.5,20.117221593869225,1840.9558469661074,5.335841163749771,150.33283993668303,88337.89380965893,122.717819467442,0.38332396801486285,0.0002162665440023052,474.28843660029185,0.8939643415109143,0.28488338412600106,0.0,8,11,16,224.3099811077118
1036,0.20912583619680508,0.00018213870304484856,0.5,20.155502499409824,1854.563733774393,5.322742847890524,150.19698819673306,87757.06059156226,121.69252602199604,0.38168878479040613,0.00020875139036522872,476.3090471842288,0.6839434070554172,0.6777470950065951,0.0,8,11,16,225.62182426452637
1041,0.21003617196646301,0.0001820130871689342,0.5,20.260319361510465,1867.8659350504377,5.330752045351423,150.0824319993022,87352.43321538833,120.65378444993443,0.3796717530771575,0.00024177590662890445,478.0033776230124,0.6839434070554172,0.6777470950065951,0.0,7,11,16,226.7078411579132
1047,0.2111279732203083,0.00018195758565571246,0.5,20.45989450232018,1885.2757268891548,5.332652599741712,149.94354188645573,86913.16453316451,119.55345684866062,0.3775428001955206,0.0002514542705446901,480.0522200091947,0.6839434070554172,0.6777470950065951,0.0,7,11,16,227.96845984458923
1052,0.2120374766351,0.00018187681724894466,0.5,20.560074694132098,1899.9681674722804,5.329079045091035,149.82770020002312,86580.92051936401,118.63811271275752,0.37569844403522346,0.00023861028860794326,481.7735661330653,0.6839434070554172,0.6777470950065951,0.0,7,11,16,229.03152871131897
1058,0.2131286006044629,0.00018183462067826507,0.5,20.918798187844573,1916.477788555568,5.319282861955348,149.6899195338862,86296.38230319317,117.04769561085767,0.3719110446697111,0.0002334510394949027,483.8556739632653,0.6839434070554172,0.6777470950065951,0.0,7,11,16,230.3001217842102
1063,0.21403715586855815,0.0001815896276000381,0.5,21.01424344388704,1928.6071739771176,5.326657185281025,149.5776800412864,86148.30936982422,115.17106277973758,0.3670468904000529,0.00023336845101044678,485.60241005506657,0.6839434070554172,0.6777470950065951,0.0,7,11,16,231.35643649101257
1069,0.2151250410801016,0.00018110077302587103,0.5,20.97492528362437,1960.715665805207,5.329135453085436,149.4480443018521,85972.47644090529,112.38242466338328,0.35966198681002326,0.00022340262807433875,487.71797845522525,0.17809355424597312,-0.09046229953912371,0.0,7,11,16,232.61451387405396
1074,0.2160291788007853,0.0001806446076499908,0.5,20.63756363075058,1950.4965258983093,5.3274907050347045,149.3443263532355,85917.6306576611,109.86894138493291,0.3527438821653079,0.0002120997891151504,489.48611569328375,0.6839434070554172,0.6777470950065951,0.0,7,11,16,233.67141103744507
1080,0.2171111885836788,0.00018012059794041886,0.5,20.604767561342825,1961.796664234437,5.3235673845110085,149.22311378998063,86032.58291010506,107.01563268049168,0.34449714621546157,0.00023663738812796232,491.6026854459194,0.6839434070554172,0.6777470950065951,0.0,7,11,16,234.93737959861755
1085,0.2180105873737023,0.00017972380150014922,0.5,20.78234856786595,1972.464580202912,5.320830159254821,149.1224406414707,86103.909915472,105.0160480394983,0.3386942192690179,0.0002640710237711783,493.371920347361,0.6839434070554172,0.6777470950065951,0.0,7,11,16,235.99287390708923
1091,0.21908738011441772,0.00017928600727937764,0.5,20.556738956071104,1988.0683224114985,5.316270332580528,148.99958165668926,86100.07254893045,103.42839541208002,0.3341733442834245,0.00021191445612209127,495.50425688681094,0.6839434070554172,0.6777470950065951,0.0,7,11,16,237.25243997573853
1097,0.22016169533080268,0.00017889470863137168,0.5,20.406752909795024,2007.660267616978,5.3118457216946675,148.87355542675857,86162.81018788753,102.64359847201332,0.33182654650349797,0.00019119724690408525,497.6505928992169,0.6839434070554172,0.6777470950065951,0.0,7,11,16,238.51244926452637
1102,0.2210553742452274,0.00017864225705728097,0.5,20.489173383973952,2027.3867961271453,5.308196751884207,148.76613678273927,86231.65640213048,102.00135297678423,0.32987246344207083,0.00020976895901711815,499.4536111390066,0.6839434070554172,0.6777470950065951,0.0,7,11,16,239.57461309432983
1108,0.22212661969703631,0.0001784967620232436,0.5,20.60908690890244,2055.265870978629,5.305105213229672,148.63564221766455,86211.75447513837,101.2191097049236,0.32766562350445555,0.00021281453982689756,501.64037268948294,0.6839434070554172,0.6777470950065951,0.0,7,11,16,240.83857679367065
1113,0.2230191779121698,0.00017854261478782415,0.5,20.61247279146756,2081.966406290635,5.305483355982267,148.52694236626365,86164.19315996111,101.23442594626002,0.3278045370535913,0.00021660554089398997,503.48673301797896,0.6839434070554172,0.6777470950065951,0.0,7,11,16,241.8934268951416
1119,0.22408473911343313,0.00017695729524915688,0.5,20.80783696274942,2129.7979195718285,5.30490007606684,148.39931741668968,86291.4779889136,102.5823725914273,0.3314868267889149,0.00020367208032989943,505.730679345231,0.6332690154849338,0.7418360401103437,0.0,8,11,16,243.1741828918457
1125,0.2251417572776761,0.0001756377737879882,0.5,21.01018082402718,2193.4301097572993,5.303869790254786,148.2761138244878,86716.41513419534,104.89438841533766,0.3373840785966362,0.00019646926722933136,508.01554462281365,0.6332690154849338,0.7418360401103437,0.0,8,11,16,244.48463821411133
1130,0.22601713101607257,0.00017472574359268865,0.5,20.871757982037924,2240.7592841424953,5.302936687388929,148.17643851807333,87237.37326684604,106.66678638650242,0.3415194057222904,0.00019531376187559163,509.95633109606166,0.6332690154849338,0.7418360401103437,0.0,8,11,16,245.5793595314026
1136,0.2270625606684,0.0001739464896026434,0.5,20.98713776668433,2283.961752379498,5.30259520689098,148.05963206313223,87946.97245805191,107.52349825905013,0.3427134511166366,0.00018090591553597546,512.3214698661066,0.6332690154849338,0.7418360401103437,0.0,8,11,16,246.88832545280457
1142,0.22810497077977945,0.00017366732567365055,0.5,21.053682959524316,2307.2777186568765,5.301918488701418,147.94489884897754,88617.70375206163,106.72939419735062,0.3393361187385249,0.00017838967444678484,514.714447090293,0.6332690154849338,0.7418360401103437,0.0,8,11,16,248.20109963417053
1148,0.22914801040757196,0.00017406343169361943,0.5,21.044692987545904,2367.543075430766,5.302101111081993,147.8303022443546,89099.9226074514,105.34911660592728,0.3346414516605323,0.00021206705457850705,517.152458760824,0.6429794408124273,0.7297153841265764,0.0,8,11,16,249.50187373161316
1153,0.23002068433434156,0.000174901586443756,0.5,21.107560341558347,2421.133558016512,5.304055976042958,147.7329712470118,89285.30553709304,104.74875230638085,0.3326458178036329,0.0002429349531954584,519.241935381694,0.6429794408124273,0.7297153841265764,0.0,8,11,16,250.60082507133484
1159,0.2310687185664854,0.00017428713118053689,0.5,21.215282901136543,2460.4733874675426,5.3057032613287,147.61313014046414,89277.6069438781,104.82120345859023,0.3328758744191241,0.0002508529179480082,521.7999809750632,0.6429794408124273,0.7297153841265764,0.0,8,11,16,251.9105384349823
1165,0.23211109290726625,0.0001733936959124116,0.5,21.20566242725804,2538.4032452906113,5.309177048969292,147.49092783017457,89132.11877697577,104.96529943150131,0.33354015922838437,0.00023465489326791948,524.4053313424213,0.6619072615112904,0.7060608252993715,0.0,8,11,16,253.22789764404297
1171,0.23315120092724742,0.0001735169418851963,0.5,21.177112758450296,2623.2735147084527,5.309874039924592,147.36681457567738,88966.86241337341,104.46551419544011,0.3324185393501132,0.00021906966746194602,527.089682039734,0.6619072615112904,0.7060608252993715,0.0,8,11,16,254.54016137123108
1176,0.23402143755940566,0.00017445997125805566,0.5,21.223008992596267,2683.4684833222736,5.309527243214989,147.26150389325667,88834.64634949136,103.3250778671477,0.3294167102726907,0.00022496566986454175,529.3987426817835,0.6619072615112904,0.7060608252993715,0.0,8,11,16,255.6354238986969
1182,0.2350706659417508,0.00017479449118909196,0.5,21.32199601259654,2742.376856582115,5.308101585359723,147.13301551192797,88544.33200926933,101.41489455482683,0.3244642566192255,0.0002550021858266593,532.2452181462048,0.6751046043847303,0.6887939484385329,0.0,8,11,16,256.9341871738434
1188,0.23612061960049813,0.00017503921743521536,0.5,21.403773600679372,2824.25999295423,5.301932854280949,147.00414587842468,87960.14570452498,99.57731737079138,0.320162007586859,0.00027695542287635194,535.167573509749,0.6839434070554172,0.6777470950065951,0.0,8,11,16,258.2343325614929
1194,0.23716861566998873,0.00017452055726787676,0.5,21.358846399690822,2889.810645219453,5.297823370344311,146.87728880060396,87113.75493646359,97.94429998248617,0.31684175877501314,0.0002598882808135814,538.1617352945478,0.6839434070554172,0.6777470950065951,0.0,8,11,16,259.53701186180115
1199,0.2380402551378763,0.00017409265691044028,0.5,21.42373738463817,2909.5961735259475,5.296324786197201,146.77432721672525,86347.4950601972,96.5783072989608,0.31413236958628266,0.00022863962314338446,540.6892312313253,0.6839434070554172,0.6777470950065951,0.0,8,11,16,260.63223910331726
1205,0.23908353841580024,0.00017379950826788447,0.5,21.75539994943115,2881.5516819931804,5.294508889108198,146.65503511701877,85502.64513612894,94.89665606741966,0.3105967020010017,0.00019474203568475645,543.7101350901494,0.6839434070554172,0.6777470950065951,0.0,7,11,16,261.9033012390137
1211,0.2401251124430915,0.00017307132245006476,0.5,22.06043491743801,2801.6896816457647,5.293370827010029,146.54045980211748,84774.43910680183,93.19363582087354,0.3067620376453926,0.00017534344282777738,546.6698933877462,0.6839434070554172,0.6777470950065951,0.0,7,11,16,263.1618847846985
1217,0.2411567410169272,0.00017119613379201708,0.5,22.15410638399981,2686.237391228088,5.291942163647491,146.43128734303409,84120.61473941102,91.35014758567843,0.30233824048010455,0.000159980616994898,549.5006445774977,0.6839434070554172,0.6777470950065951,0.0,7,11,16,264.43644309043884
1222,0.24200969421038307,0.00017030260632519036,0.5,22.13018282589215,2574.4803269332833,5.291540306885644,146.34402356542583,83613.23643650972,89.62715952567322,0.2979855700935588,0.00014658874098325768,551.7442175662856,0.6839434070554172,0.6777470950065951,0.0,7,11,16,265.49385380744934
1228,0.24302876780744573,0.00016931943640019384,0.5,22.30194650390732,2429.6239259927875,5.290538387902527,146.24281361294197,83105.06641994654,87.49121981666627,0.2923315927460654,0.00014549695382575238,554.2939928268385,0.6839434070554172,0.6777470950065951,0.0,7,11,16,266.7522668838501
1234,0.24403941213808877,0.0001676817765427881,0.5,22.54528034367436,2482.324321031939,5.289974361136758,146.14450906612223,82799.65448759067,85.71667923672783,0.2873976087890711,0.00016582645991212254,556.7761091509723,0.0005679734139459194,0.5153229575079636,0.0,7,11,16,268.01665472984314
1240,0.24504096740623554,0.0001665190807307681,0.5,22.681231050308604,2698.5637790077935,5.29035322875544,146.04751725707817,82698.46591114119,84.80676011714455,0.2847657451853317,0.00017870342898533906,559.3705820361091,0.0005679734139459194,0.5153229575079636,0.0,7,11,16,269.2764058113098
1246,0.24603887177664993,0.00016631014729558618,0.5,22.857674951299014,2646.421284470224,5.289129282639821,145.9508801706204,82768.0594888296,85.19935373856755,0.28587065593003874,0.0001709652883658998,562.0374740134313,0.0005679734139459194,0.5153229575079636,0.0,7,11,16,270.5437889099121
1252,0.2470383561339861,0.0001668265726072903,0.5,22.972723003828122,2283.020689452819,5.285989767607665,145.8559322189772,83085.91780109108,87.15652633288994,0.29137032173939964,0.00015909740391519613,564.5009240850975,0.0005679734139459194,0.5153229575079636,0.0,7,11,16,271.8040852546692
1258,0.24804193626709042,0.00016730625779638663,0.5,23.37537323998518,2443.2779921509286,5.289690533725014,145.7659718395536,83945.90912587236,90.64419921730676,0.30056051404482104,0.0001621646168149981,566.8725338150849,0.09878142416493613,0.19394436061892423,0.0,7,11,16,273.0610044002533
1264,0.24904789380104592,0.00016817827278034364,0.5,23.74294543591574,2666.3609702725716,5.288843460412671,145.68405922317612,85552.98029020576,95.28566525748681,0.31175522887582163,0.00017153464811524893,569.4425737201061,0.1337558642761803,0.1042365570342128,0.0,7,11,16,274.3205597400665
1270,0.2500676778704261,0.0001717093381684132,0.5,24.61813774184069,3531.9039406596726,5.285015537748381,145.6082780360301,87794.39202424558,100.78645899040278,0.3240575366320962,0.00017720992011537138,572.6030196270896,0.1337558642761803,0.1042365570342128,0.0,7,11,16,275.5837736129761
1276,0.2510830025555455,0.00016566571670124648,0.5,27.33543171453341,3949.2508293313554,5.281864698454698,145.53697367512774,90860.23965941602,107.24262936948448,0.33723255388224316,0.0001661145081012255,576.4009201826749,0.1337558642761803,0.1042365570342128,0.0,7,11,16,276.84312319755554
1282,0.25201144159931554,0.00014714592585335172,0.5,30.784657991326288,4299.8119217475305,5.285682305550661,145.4797877696143,95330.5739350917,114.42487423841855,0.3495157102179881,0.00012674645036618888,580.2302961489803,0.10799758146411945,0.17420173188094193,0.0,7,11,16,278.10418701171875
1290,0.2530985925348424,0.00012878315183394252,0.5,38.64949072034104,7126.083009569385,5.2856110354503025,145.4394529988418,104428.51586851379,127.41850266027647,0.36875848236678443,0.00012202084463399228,586.4411323308867,0.079515473751081,0.20197239848994653,0.0,7,11,16,279.7764871120453
1298,0.2541065072853521,0.00012720545199000394,0.5,53.27721377751281,8305.346134964753,5.283829061359274,145.4312685029238,116801.03075737963,146.8464273362216,0.3966445582881798,0.00017490872867158305,594.2179148589973,0.079515473751081,0.20197239848994653,0.0,7,10,16,281.4382121562958
1305,0.25501921500610886,0.0001438236037101016,0.5,44.7912771558972,13253.495369097658,5.281074493456791,145.3962268253614,135290.8887894248,162.4790491782574,0.4057188907259044,0.0002833101042921942,604.0563754046617,0.09557217362512387,0.19243507195855927,0.0,9,10,16,282.96274852752686
1313,0.25605008679621805,0.00011901121959922519,0.5,50.80101405645898,17553.697190107967,5.278096263942619,145.32460718670893,161275.71436764672,182.8496498683977,0.41579104171066844,0.00017314519467734034,619.9355082755351,0.07845614371084773,0.3366851846061901,0.0,7,10,16,284.6828787326813
1322,0.25708861542113925,0.00011828071550620418,0.5,49.01061910735966,15720.946606128931,5.276178057341406,145.223597352535,162036.4281676276,190.60330112468594,0.4293835099915133,0.00019436126260789747,637.2138433087596,0.079515473751081,0.20197239848994653,0.0,8,10,16,286.6053912639618
1330,0.25813123678789374,0.00013863839976817962,0.5,42.25168356069089,14389.440367332123,5.2742379049903,145.09513711097125,166440.6278001372,183.55735981190142,0.4116593391458893,0.00030769255669959515,652.9107097186477,0.08788030657016915,0.17930924910927615,0.0,7,10,16,288.32180547714233
1336,0.2590011554092564,0.00014782731296373393,0.5,38.45086273169863,12119.111201685555,5.274789567029241,144.94221097866503,168346.183411079,182.6073556222042,0.4079032331878349,0.0003589455888942416,664.440851036268,0.08788030657016915,0.17930924910927615,0.0,7,10,16,289.5807247161865
1343,0.260050641078148,0.00015199214921712264,0.5,39.25463524742026,13391.668772025116,5.27459933995793,144.79946040315846,171711.47597541526,187.55562925916087,0.41360894373171664,0.0003423751559428488,677.8274500285964,0.07378350063296668,0.2507005490759846,0.0,7,10,16,291.0531861782074
1350,0.2611321641687718,0.0001511240776197601,0.5,35.72520210189985,11120.44898310851,5.274298937538027,144.70461127608093,178805.91766789125,194.3582895044539,0.4188575906594837,0.0003715374561603312,691.0826607047293,0.07311988320599556,0.24907785174218658,0.0,8,10,16,292.57314014434814
1356,0.2620506308504866,0.0001478156354590358,0.5,37.93597542617914,11257.598497674684,5.274001489705589,144.62331156548245,184696.59889909773,205.67722209112713,0.43291817814168826,0.00030684162516524225,701.3594062111949,0.06346217971700424,0.21668460447017215,0.0,8,10,16,293.8808150291443
1363,0.2631005861699486,0.00015174171674310705,0.5,43.49488344437992,11612.431858400098,5.277954071620155,144.56167086315975,193786.21051070478,214.17494929531208,0.4387088755681675,0.0002988264252680905,713.365661225504,0.0831491840734582,0.17816336931308605,0.0,8,10,16,295.3735628128052
1370,0.2640615189442904,0.0001259284000114891,0.5,54.39523580704858,16849.585442415024,5.346845573336325,144.6717826195188,207563.77109010136,211.5312667328778,0.4222647736424705,0.00027146167066941635,727.0407038496229,0.0831491840734582,0.17816336931308605,0.0,9,10,16,296.90363240242004
1380,0.2650284002331194,7.574738552437292e-05,0.5,80.75829733023345,27082.281798241318,5.932994550185099,145.0180787547872,249695.908120823,228.31808237614504,0.41659242166987215,0.00013587022584122654,748.2791540587779,0.0831491840734582,0.17816336931308605,0.0,8,10,16,299.0909457206726
1394,0.26604869286992266,6.785246129529272e-05,0.5,90.74203097059238,26157.890086593154,9.529271261529868,145.51546145967464,286860.8180041104,265.2620564267739,0.4447859487760762,0.0002500774594183284,775.439431736896,0.06426418575235789,0.18110087468269917,0.0,8,10,16,302.0664496421814
1410,0.26704368464611966,6.600735508231279e-05,0.5,87.08066210037653,21116.27155011034,10.172471059347513,145.89756417176847,386512.8582056544,290.08461242370186,0.42358050654024676,0.00027058260854000317,798.9581327644598,0.06426418575235789,0.18110087468269917,0.0,8,10,15,305.4419775009155
